2008-09,2008-09,Whole Year
2009-10,2009-10,Whole Year
April 2008 MTH,2008-09,April
April 2009 MTH,2009-10,April
August 2008 MTH,2008-09,August
August 2009 MTH,2009-10,August
December 2008 MTH,2008-09,December
December 2009 MTH,2009-10,December
February 2009 MTH,2008-09,February
February 2010 MTH,2009-10,February
January 2009 MTH,2008-09,January
January 2010 MTH,2009-10,January
July 2008 MTH,2008-09,July
July 2009 MTH,2009-10,July
June 2008 MTH,2008-09,June
June 2009 MTH,2009-10,June
March 2009 MTH,2008-09,March
March 2010 MTH,2009-10,March
May 2008 MTH,2008-09,May
May 2009 MTH,2009-10,May
November 2008 MTH,2008-09,November
November 2009 MTH,2009-10,November
October 2008 MTH,2008-09,October
October 2009 MTH,2009-10,October
September 2008 MTH,2008-09,September
September 2009 MTH,2009-10,September
